<Prefab>
  <Constants>
    <Constant Name="ButtonBrush.Width" BrushLayer="Default" BrushName="ButtonBrush4" BrushValueType="Width" />
    <Constant Name="ButtonBrush.Height" BrushLayer="Default" BrushName="ButtonBrush4" BrushValueType="Height" />

    <Constant Name="SPOptions.GameKeysgroup.ExpandIndicator.Width" BrushLayer="Default" BrushName="SPOptions.GameKeysgroup.ExpandIndicator" BrushValueType="Width" />
    <Constant Name="SPOptions.GameKeysgroup.ExpandIndicator.Height" BrushLayer="Default" BrushName="SPOptions.GameKeysgroup.ExpandIndicator" BrushValueType="Height" />
  </Constants>
  <Window>
    <Widget Id="OptionsInnerPanel" WidthSizePolicy="StretchToParent" HeightSizePolicy="CoverChildren" HorizontalAlignment="Center" VerticalAlignment="Top" MarginTop="10" MarginBottom="10" LayoutImp.LayoutMethod="VerticalBottomToTop">
      <Children>
        <Widget Id="@Name" WidthSizePolicy="StretchToParent" HeightSizePolicy="CoverChildren" HorizontalAlignment="Center" VerticalAlignment="Top">
          <Children>
            <ButtonWidget WidthSizePolicy="Fixed" HeightSizePolicy="Fixed" SuggestedWidth="251" SuggestedHeight="64" Brush="Popup.Cancel.Button" HorizontalAlignment="Right" Command.Click="ExecuteResetToDefault" DoNotPassEventsToChildren="true">
              <Children>
                <TextWidget WidthSizePolicy="StretchToParent" HeightSizePolicy="StretchToParent" Brush="Popup.Button.Text" Text="@ResetText"/>
              </Children>
            </ButtonWidget>

            <ListPanel DataSource="{Groups}" WidthSizePolicy="StretchToParent" HeightSizePolicy="CoverChildren" HorizontalAlignment="Center" VerticalAlignment="Top" MarginTop="50" MarginBottom="200" LayoutImp.LayoutMethod="VerticalBottomToTop">
              <ItemTemplate>
                <ListPanel WidthSizePolicy="StretchToParent" HeightSizePolicy="CoverChildren" MarginBottom="80" LayoutImp.LayoutMethod="VerticalBottomToTop">
                  <Children>

                    <PartyHeaderToggleWidget DoNotPassEventsToChildren="true" WidthSizePolicy="StretchToParent" HeightSizePolicy="CoverChildren" HorizontalAlignment="Center" VerticalAlignment="Top" MarginLeft="120" MarginRight="10" CollapseIndicator="Description\CollapseParent\GroupTitle\CollapseIndicator" ListPanel="..\GameKeysList" RenderLate="true" UpdateChildrenStates="true" WidgetToClose="..\GameKeysList">
                      <Children>

                        <ListPanel Id="Description" DoNotAcceptEvents="true" WidthSizePolicy="StretchToParent" HeightSizePolicy="CoverChildren" HorizontalAlignment="Center" VerticalAlignment="Center" LayoutImp.LayoutMethod="HorizontalLeftToRight" UpdateChildrenStates="true">
                          <Children>

                            <Widget Id="CollapseParent" WidthSizePolicy="Fixed" HeightSizePolicy="CoverChildren" SuggestedWidth="450" HorizontalAlignment="Center" UpdateChildrenStates="true">
                              <Children>
                                <TextWidget Id="GroupTitle" WidthSizePolicy="CoverChildren" HeightSizePolicy="CoverChildren" HorizontalAlignment="Right" Brush="SPOptions.GameKeysGroup.Title.Text" Text="@Description" ClipContents="false">
                                  <Children>
                                    <BrushWidget Id="CollapseIndicator" WidthSizePolicy="Fixed" HeightSizePolicy="Fixed" SuggestedHeight="19" SuggestedWidth="19" VerticalAlignment="Center" PositionXOffset="-26" PositionYOffset="-3" Brush="SPOptions.GameKeysgroup.ExpandIndicator" OverrideDefaultStateSwitchingEnabled="true" />
                                  </Children>
                                </TextWidget>
                              </Children>
                            </Widget>

                            <BrushWidget WidthSizePolicy="StretchToParent" HeightSizePolicy="Fixed" SuggestedHeight="2" VerticalAlignment="Center" MarginLeft="15" Brush="SPOptions.CollapserLine" />
                          </Children>
                        </ListPanel>

                      </Children>
                    </PartyHeaderToggleWidget>

                    <ListPanel Id="GameKeysList" DataSource="{GameKeySequenceOptions}" WidthSizePolicy="StretchToParent" HeightSizePolicy="CoverChildren" MarginTop="35" LayoutImp.LayoutMethod="VerticalBottomToTop">
                      <ItemTemplate>

                        <MissionLibraryGameKeyConfigItemWidget Id="ListPanel" WidthSizePolicy="StretchToParent" HeightSizePolicy="CoverChildren" MarginTop="5" LayoutImp.LayoutMethod="HorizontalLeftToRight" OptionTitle="@Name" OptionDescription="@Description">
                          <Children>

                            <RichTextWidget WidthSizePolicy="Fixed" HeightSizePolicy="CoverChildren" SuggestedWidth="565" HorizontalAlignment="Right" VerticalAlignment="Center" Brush="SPOptions.OptionName.Text" Text="@Name" />

                            <ListPanel DataSource="{Options}" WidthSizePolicy="Fixed" SuggestedWidth="500" HeightSizePolicy="CoverChildren" LayoutImp.LayoutMethod="HorizontalLeftToRight" HorizontalAlignment="Right" VerticalAlignment="Center" >
                              <ItemTemplate>
                                <ButtonWidget DoNotPassEventsToChildren="true" WidthSizePolicy="Fixed" HeightSizePolicy="Fixed" SuggestedWidth="85" SuggestedHeight="42" HorizontalAlignment="Left" VerticalAlignment="Center" MarginLeft="30" Command.Click="ExecuteKeybindRequest" UpdateChildrenStates="true">
                                  <Children>
                                    <BrushWidget WidthSizePolicy="Fixed" HeightSizePolicy="Fixed" SuggestedWidth="112" SuggestedHeight="38" HorizontalAlignment="Center" VerticalAlignment="Center" Brush="SPOptions.GameKey.Button.Canvas" IsEnabled="false" />
                                    <BrushWidget WidthSizePolicy="Fixed" HeightSizePolicy="Fixed" SuggestedWidth="125" SuggestedHeight="65" HorizontalAlignment="Center" VerticalAlignment="Center" Brush="SPOptions.GameKey.Button.Frame" IsEnabled="false" />
                                    <TextWidget WidthSizePolicy="StretchToParent" HeightSizePolicy="StretchToParent" Brush="SPOptions.Dropdown.Center.Text" Text="@OptionValueText" />
                                  </Children>
                                </ButtonWidget>
                              </ItemTemplate>
                            </ListPanel>

                            <ListPanel WidthSizePolicy="Fixed" SuggestedWidth="80" HeightSizePolicy="CoverChildren" LayoutImp.LayoutMethod="VerticalBottomToTop" HorizontalAlignment="Right">
                              <Children>
                                <ButtonWidget DoNotPassEventsToChildren="true" Command.Click="PushGameKey" IsEnabled="@PushEnabled" WidthSizePolicy="Fixed" HeightSizePolicy="Fixed" SuggestedWidth="80" SuggestedHeight="40" Brush="ButtonBrush2" PositiveBehaviourBrush="ButtonBrush1" >
                                  <Children>
                                    <TextWidget WidthSizePolicy="StretchToParent" HeightSizePolicy="StretchToParent" Brush="SPOptions.Dropdown.Center.Text" Text="+" />
                                  </Children>
                                </ButtonWidget>
                                <ButtonWidget DoNotPassEventsToChildren="true" Command.Click="PopGameKey" IsEnabled="@PopEnabled" WidthSizePolicy="Fixed" HeightSizePolicy="Fixed" SuggestedWidth="80" SuggestedHeight="40" Brush="ButtonBrush2" PositiveBehaviourBrush="ButtonBrush1" >
                                  <Children>
                                    <TextWidget WidthSizePolicy="StretchToParent" HeightSizePolicy="StretchToParent" Brush="SPOptions.Dropdown.Center.Text" Text="-" />
                                  </Children>
                                </ButtonWidget>
                              </Children>
                            </ListPanel>
                          </Children>
                        </MissionLibraryGameKeyConfigItemWidget>

                      </ItemTemplate>
                    </ListPanel>

                  </Children>
                </ListPanel>
              </ItemTemplate>
            </ListPanel>
          </Children>
        </Widget>
      </Children>
    </Widget>

  </Window>
</Prefab>