<Prefab>
  <Window>
    <Widget WidthSizePolicy="StretchToParent" HeightSizePolicy="StretchToParent" Brush="RTSCamera.TransparentBrush">
      <Children>
        <TextWidget DataSource="{Hint}" Text="@Text" IsVisible="@IsVisible" WidthSizePolicy="CoverChildren" HeightSizePolicy="CoverChildren" HorizontalAlignment="Center" VerticalAlignment="Bottom" MarginBottom="240" Brush="AgentHUD.Interaction.Text" />
      
        <TextWidget DataSource="{CharacterName}" Text="@Text" IsVisible="@IsVisible" WidthSizePolicy="CoverChildren" HeightSizePolicy="CoverChildren" HorizontalAlignment="Center" VerticalAlignment="Bottom" MarginBottom="50" Brush="AgentHUD.Interaction.Text" />
      </Children>
    </Widget>
  </Window>
</Prefab>