<?xml version="1.0" encoding="utf-8"?>
<Module>
  <Name value="RTS Camera"/>
  <Id value="RTSCamera"/>
  <Version value="v4.1.30"/>
  <SingleplayerModule value="true"/>
  <MultiplayerModule value="false"/>
  <DependedModules>
    <DependedModule Id="Native" DependentVersion="v1.2.5" />
    <DependedModule Id="SandBoxCore" DependentVersion="v1.2.5" />
    <DependedModule Id="Sandbox" DependentVersion="v1.2.5" />
    <DependedModule Id="CustomBattle" DependentVersion="v1.2.5"/>
    <DependedModule Id="StoryMode" DependentVersion="v1.2.5" />
    <DependedModule Id="Bannerlord.UIExtenderEx" DependentVersion="v2.8.0" />
  </DependedModules>
  <SubModules>
    <SubModule>
      <Name value="RTSCameraSubModule"/>
      <DLLName value="RTSCamera.dll"/>
      <SubModuleClassType value="RTSCamera.RTSCameraSubModule"/>
      <Tags>
        <Tag key="DedicatedServerType" value="none" />
        <Tag key="IsNoRenderModeElement" value="false" />
      </Tags>
    </SubModule>
  </SubModules>
  <Xmls>
    <XmlNode>
      <XmlName id="GameText" path="module_strings"/>
    </XmlNode>
    <XmlNode>
      <XmlName id="GameText" path="MissionLibrary"/>
    </XmlNode>
  </Xmls>
</Module>